step,S,I,R,E,걸린시간
1019,6,0,25,
1029,4,0,17,
1033,4,0,13,1815
1027,9,0,14,1597,30.120444536209106
24,49,0,977,827,16.76915216445923